,Survived,Pclass,Age,SibSp,Parch,Fare,Gender,S,Q
647,0,-0.3735012910980943,0.00352372718875205,-0.4751990812099552,-0.4743258521037861,-0.6462044460638905,1,1,0
607,0,-0.3735012910980943,0.026738040683014372,-0.4751990812099552,-0.4743258521037861,-0.38447464817852084,1,1,0
63,1,0.8252086287077022,-0.8219572913652758,0.4313502389523841,-0.4743258521037861,-0.4880753554061005,0,1,0
319,1,-1.5722112109038908,0.7211251305407064,0.4313502389523841,0.7658967435440545,1.0280267117431041,0,0,0
101,1,-0.3735012910980943,0.9525874938266037,-0.4751990812099552,-0.4743258521037861,-0.38447464817852084,1,1,0
542,0,0.8252086287077022,-0.8991114124605749,0.4313502389523841,0.7658967435440545,-0.4880753554061005,1,1,0
260,1,-0.3735012910980943,0.7982792516360054,0.4313502389523841,0.7658967435440545,0.13898494759221836,0,1,0
165,1,-1.5722112109038908,-0.12757020150758383,-0.4751990812099552,-0.4743258521037861,-0.11167166653646252,1,1,0
659,0,0.8252086287077022,0.7982792516360054,0.4313502389523841,0.7658967435440545,-0.33414199473902667,1,0,1
485,0,-1.5722112109038908,-0.35903256479348117,0.4313502389523841,2.006119339191895,2.404961005438245,0,1,0
334,1,-0.3735012910980943,-0.12757020150758383,0.4313502389523841,-0.4743258521037861,-0.16301097304474657,0,0,0
208,1,-1.5722112109038908,-0.5904949280793784,-0.4751990812099552,2.006119339191895,0.3503820920380938,0,0,0
234,1,-1.5722112109038908,1.4926663414936974,0.4313502389523841,-0.4743258521037861,0.4999546316111698,1,0,0
356,0,0.8252086287077022,0.00352372718875205,-0.4751990812099552,-0.4743258521037861,-0.4905094425264344,1,0,1
131,1,-1.5722112109038908,-0.4361866858887803,2.244448879277063,2.006119339191895,4.648790695770894,0,1,0
275,1,0.8252086287077022,0.00352372718875205,0.4313502389523841,0.7658967435440545,-0.33925981894075447,1,0,0
209,1,-1.5722112109038908,0.489662767254809,-0.4751990812099552,2.006119339191895,0.7832429116177435,0,1,0
55,1,0.8252086287077022,-1.5934985023182668,-0.4751990812099552,2.006119339191895,-0.23297336132564347,1,1,0
210,1,-0.3735012910980943,0.18104628287361257,0.4313502389523841,-0.4743258521037861,-0.12274485029315124,1,1,0
292,1,-0.3735012910980943,1.4155122203983983,0.4313502389523841,2.006119339191895,0.6624445433629575,0,1,0
482,0,-0.3735012910980943,-0.8991114124605749,-0.4751990812099552,-0.4743258521037861,0.8335755650572377,1,1,0
77,1,-1.5722112109038908,0.6439710094454072,0.4313502389523841,-0.4743258521037861,1.1657710777578991,1,1,0
223,1,-1.5722112109038908,0.489662767254809,-0.4751990812099552,-0.4743258521037861,-0.11494328901002966,1,1,0
296,1,-1.5722112109038908,0.489662767254809,0.4313502389523841,2.006119339191895,1.769762919031829,0,1,0
353,0,0.8252086287077022,0.7982792516360054,0.4313502389523841,4.486564530487576,-0.08449203367913571,1,1,0
54,1,-0.3735012910980943,0.7982792516360054,-0.4751990812099552,-0.4743258521037861,-0.3291087293950773,0,1,0
120,1,-0.3735012910980943,0.026738040683014372,-0.4751990812099552,-0.4743258521037861,-0.3975611380727893,0,0,1
617,0,-1.5722112109038908,0.00352372718875205,-0.4751990812099552,-0.4743258521037861,-0.08809987827767862,1,0,0
290,1,-0.3735012910980943,-1.9792691077947624,0.4313502389523841,0.7658967435440545,-0.18314403442054422,0,1,0
220,1,0.8252086287077022,0.18104628287361257,-0.4751990812099552,-0.4743258521037861,-0.4880753554061005,1,1,0
590,0,0.8252086287077022,-0.8219572913652758,-0.4751990812099552,-0.4743258521037861,-0.4841333019887193,1,1,0
318,1,-0.3735012910980943,-2.2238476716668605,0.4313502389523841,0.7658967435440545,-0.2687095452676843,1,1,0
405,0,0.8252086287077022,0.10389216177831348,0.4313502389523841,-0.4743258521037861,-0.28380934129953256,0,1,0
76,1,0.8252086287077022,-1.0534196546511732,-0.4751990812099552,-0.4743258521037861,-0.4841333019887193,1,1,0
618,0,-0.3735012910980943,0.026738040683014372,-0.4751990812099552,-0.4743258521037861,-0.38447464817852084,1,1,0
310,1,0.8252086287077022,-0.20472432260288295,-0.4751990812099552,-0.4743258521037861,-0.5057763429677017,1,1,0
467,0,-1.5722112109038908,0.00352372718875205,-0.4751990812099552,-0.4743258521037861,0.20743735626993037,1,1,0
90,1,0.8252086287077022,-2.0564232288900617,3.1509981994394023,2.006119339191895,-0.014277982131041355,1,1,0
675,0,0.8252086287077022,-1.0534196546511732,-0.4751990812099552,-0.4743258521037861,-0.4841333019887193,1,1,0
429,0,-1.5722112109038908,0.6439710094454072,-0.4751990812099552,-0.4743258521037861,-0.6462044460638905,1,1,0
78,1,-0.3735012910980943,-0.8219572913652758,-0.4751990812099552,-0.4743258521037861,-0.434807301618015,1,1,0
667,0,0.8252086287077022,-0.20472432260288295,0.4313502389523841,-0.4743258521037861,-0.3551971503258359,1,0,0
10,1,-0.3735012910980943,0.3353545250642108,-0.4751990812099552,-0.4743258521037861,-0.38447464817852084,1,1,0
580,0,-0.3735012910980943,1.7241287047795948,-0.4751990812099552,-0.4743258521037861,-0.374408117490622,1,1,0
164,1,0.8252086287077022,0.18104628287361257,-0.4751990812099552,-0.4743258521037861,-0.4841333019887193,1,1,0
608,0,-1.5722112109038908,0.00352372718875205,-0.4751990812099552,-0.4743258521037861,3.8188897994114144,1,1,0
558,0,-1.5722112109038908,3.190057005590278,-0.4751990812099552,-0.4743258521037861,0.3504666508958721,1,0,0
676,0,-1.5722112109038908,2.418515794637287,-0.4751990812099552,-0.4743258521037861,0.02825311002533122,1,1,0
31,1,-0.3735012910980943,-2.2238476716668605,-0.4751990812099552,2.006119339191895,-0.06234566616575826,1,1,0
671,0,0.8252086287077022,0.00352372718875205,-0.4751990812099552,-0.4743258521037861,-0.4885786819404954,1,0,1
480,0,0.8252086287077022,0.18104628287361257,0.4313502389523841,0.7658967435440545,-0.33414199473902667,0,0,1
533,0,0.8252086287077022,-1.5934985023182668,1.3378995591147234,2.006119339191895,0.045869538729154176,0,1,0
289,1,-0.3735012910980943,0.026738040683014372,-0.4751990812099552,-0.4743258521037861,-0.38447464817852084,0,1,0
199,1,-0.3735012910980943,0.3353545250642108,-0.4751990812099552,-0.4743258521037861,-0.434807301618015,0,1,0
602,0,0.8252086287077022,0.00352372718875205,-0.4751990812099552,-0.4743258521037861,-0.4718018018960432,1,1,0
381,0,-0.3735012910980943,-0.12757020150758383,-0.4751990812099552,-0.4743258521037861,-0.38447464817852084,1,1,0
118,1,-1.5722112109038908,0.10389216177831348,-0.4751990812099552,2.006119339191895,2.67306694386133,0,1,0
135,1,0.8252086287077022,-2.0564232288900617,0.4313502389523841,0.7658967435440545,-0.32608877018870763,1,1,0
495,0,0.8252086287077022,0.00352372718875205,-0.4751990812099552,-0.4743258521037861,-0.4841333019887193,1,1,0
2,1,-1.5722112109038908,0.4125086461595099,0.4313502389523841,-0.4743258521037861,0.4228611129909654,0,1,0
306,1,0.8252086287077022,0.10389216177831348,-0.4751990812099552,-0.4743258521037861,-0.4713830342194266,0,1,0
81,1,-0.3735012910980943,-1.670652623413566,-0.4751990812099552,2.006119339191895,-0.11771158494920184,0,1,0
578,0,0.8252086287077022,1.6469745836842955,-0.4751990812099552,-0.4743258521037861,-0.4841333019887193,1,1,0
302,1,-1.5722112109038908,-0.976265533555874,0.4313502389523841,-0.4743258521037861,0.5013800523565762,0,1,0
417,0,0.8252086287077022,0.00352372718875205,2.244448879277063,0.7658967435440545,-0.13348181192486414,0,1,0
388,0,0.8252086287077022,0.00352372718875205,-0.4751990812099552,-0.4743258521037861,-0.4841333019887193,1,1,0
346,0,0.8252086287077022,1.3383580993030992,0.4313502389523841,-0.4743258521037861,-0.35427505611482435,0,1,0
527,0,-1.5722112109038908,1.3383580993030992,-0.4751990812099552,-0.4743258521037861,0.40071474547758795,1,1,0
259,1,-1.5722112109038908,0.00352372718875205,0.4313502389523841,-0.4743258521037861,0.40071474547758795,0,1,0
192,1,-1.5722112109038908,-1.0534196546511732,-0.4751990812099552,-0.4743258521037861,1.0953053629426073,0,1,0
72,1,-0.3735012910980943,0.4125086461595099,-0.4751990812099552,-0.4743258521037861,-0.22341015717213955,0,1,0
326,1,-1.5722112109038908,1.1840498571125009,0.4313502389523841,0.7658967435440545,2.67306694386133,0,1,0
277,1,-1.5722112109038908,1.4155122203983983,0.4313502389523841,-0.4743258521037861,0.40071474547758795,1,1,0
294,1,-1.5722112109038908,0.2582004039689117,-0.4751990812099552,-0.4743258521037861,1.0953053629426073,0,1,0
60,1,0.8252086287077022,0.00352372718875205,0.4313502389523841,-0.4743258521037861,-0.33414199473902667,0,0,1
235,1,-0.3735012910980943,-0.4361866858887803,1.3378995591147234,0.7658967435440545,-0.10261178891735358,0,1,0
30,1,0.8252086287077022,0.18104628287361257,-0.4751990812099552,-0.4743258521037861,0.4912289628108992,1,1,0
69,1,0.8252086287077022,-0.28187844369818205,-0.4751990812099552,-0.4743258521037861,-0.26795455546609187,1,0,0
333,1,-1.5722112109038908,1.3383580993030992,0.4313502389523841,0.7658967435440545,0.41187248809205507,0,1,0
212,1,-0.3735012910980943,0.00352372718875205,-0.4751990812099552,-0.4743258521037861,-0.3671098827418954,1,0,0
44,1,0.8252086287077022,-1.3620361390323696,0.4313502389523841,-0.4743258521037861,-0.41987460999558585,1,0,0
70,1,0.8252086287077022,-1.0534196546511732,-0.4751990812099552,-0.4743258521037861,-0.49017322040145855,0,0,1
300,1,-1.5722112109038908,1.0297416149219027,-0.4751990812099552,0.7658967435440545,3.608666412443748,0,1,0
257,1,-1.5722112109038908,1.5698204625889964,1.3378995591147234,-0.4743258521037861,2.044579206811467,1,1,0
176,1,0.8252086287077022,-1.9021149866994633,1.3378995591147234,0.7658967435440545,-0.25847591017036636,0,0,0
132,1,-0.3735012910980943,-0.4361866858887803,-0.4751990812099552,-0.4743258521037861,-0.38447464817852084,0,1,0
395,0,0.8252086287077022,2.2642075524466883,-0.4751990812099552,-0.4743258521037861,-0.5002397510893574,1,1,0
174,1,-0.3735012910980943,-1.2848820179370704,-0.4751990812099552,0.7658967435440545,-0.25360974923583607,0,1,0
599,0,0.8252086287077022,-0.5904949280793784,-0.4751990812099552,-0.4743258521037861,-0.4841333019887193,1,1,0
109,1,-0.3735012910980943,0.00352372718875205,-0.4751990812099552,-0.4743258521037861,-0.3975611380727893,0,0,1
65,1,-1.5722112109038908,1.1068957360172018,-0.4751990812099552,-0.4743258521037861,-0.08809987827767862,0,0,0
377,0,0.8252086287077022,-0.050416080412284736,0.4313502389523841,0.7658967435440545,-0.43556229141960745,0,1,0
49,1,0.8252086287077022,-0.5904949280793784,-0.4751990812099552,-0.4743258521037861,-0.49017322040145855,0,1,0
464,0,0.8252086287077022,0.18104628287361257,-0.4751990812099552,-0.4743258521037861,-0.49017322040145855,1,0,1
362,0,-1.5722112109038908,0.00352372718875205,-0.4751990812099552,-0.4743258521037861,0.151064784417697,1,0,0
39,1,-0.3735012910980943,0.3353545250642108,-0.4751990812099552,0.7658967435440545,-0.18314403442054422,0,1,0
328,1,0.8252086287077022,-0.4361866858887803,-0.4751990812099552,3.2463419348397355,-0.25847591017036636,0,0,0
181,1,-0.3735012910980943,1.5698204625889964,-0.4751990812099552,-0.4743258521037861,-0.434807301618015,0,1,0
6,1,-1.5722112109038908,2.1870534313513894,-0.4751990812099552,-0.4743258521037861,-0.11167166653646252,0,1,0
145,1,0.8252086287077022,-0.5904949280793784,-0.4751990812099552,-0.4743258521037861,-0.5002397510893574,0,1,0
265,1,-1.5722112109038908,-1.1305737757464722,-0.4751990812099552,0.7658967435440545,3.608666412443748,0,1,0
488,0,0.8252086287077022,0.00352372718875205,-0.4751990812099552,-0.4743258521037861,-0.4841333019887193,1,1,0
136,1,-1.5722112109038908,-0.5904949280793784,-0.4751990812099552,0.7658967435440545,0.46111392960498093,0,1,0
652,0,0.8252086287077022,-0.7448031702699767,-0.4751990812099552,-0.4743258521037861,-0.4718018018960432,0,1,0
340,0,-0.3735012910980943,-0.28187844369818205,0.4313502389523841,0.7658967435440545,-0.12274485029315124,0,1,0
636,0,0.8252086287077022,-0.7062261097223271,-0.4751990812099552,-0.4743258521037861,-0.5002397510893574,1,1,0
231,1,-1.5722112109038908,2.3413616735419875,0.4313502389523841,0.7658967435440545,0.9483340148992845,1,0,0
86,1,-1.5722112109038908,0.00352372718875205,-0.4751990812099552,-0.4743258521037861,0.9483340148992845,0,0,0
548,0,0.8252086287077022,-0.7448031702699767,-0.4751990812099552,-0.4743258521037861,-0.460476954872157,1,1,0
399,0,0.8252086287077022,0.00352372718875205,-0.4751990812099552,-0.4743258521037861,-0.48723782005286725,1,1,0
182,1,-1.5722112109038908,1.4155122203983983,-0.4751990812099552,-0.4743258521037861,-0.11167166653646252,1,1,0
631,0,-0.3735012910980943,0.5668168883501081,0.4313502389523841,-0.4743258521037861,-0.12274485029315124,1,1,0
449,0,0.8252086287077022,0.7211251305407064,-0.4751990812099552,-0.4743258521037861,-0.48664993466069395,1,1,0
526,0,0.8252086287077022,0.00352372718875205,-0.4751990812099552,-0.4743258521037861,-0.4905919880780752,1,0,1
41,1,0.8252086287077022,0.00352372718875205,-0.4751990812099552,-0.4743258521037861,-0.48966989386706367,1,1,0
521,0,-1.5722112109038908,1.1840498571125009,-0.4751990812099552,-0.4743258521037861,0.06851923277692655,1,1,0
108,1,0.8252086287077022,0.00352372718875205,1.3378995591147234,-0.4743258521037861,-0.17811076907659482,1,0,1
382,0,-0.3735012910980943,1.3383580993030992,-0.4751990812099552,-0.4743258521037861,-0.34420852542692554,1,1,0
56,1,-1.5722112109038908,0.00352372718875205,-0.4751990812099552,0.7658967435440545,0.46111392960498093,0,1,0
211,1,-0.3735012910980943,-0.8219572913652758,0.4313502389523841,-0.4743258521037861,-0.12274485029315124,0,1,0
299,1,0.8252086287077022,-1.9021149866994633,-0.4751990812099552,-0.4743258521037861,-0.3950445054008146,0,1,0
291,1,0.8252086287077022,-1.8249608656041643,-0.4751990812099552,0.7658967435440545,-0.3950445054008146,1,1,0
586,0,-0.3735012910980943,0.9525874938266037,0.4313502389523841,-0.4743258521037861,-0.10261178891735358,1,1,0
552,0,0.8252086287077022,-0.6676490491746776,0.4313502389523841,-0.4743258521037861,-0.4483971180466784,0,1,0
523,0,-0.3735012910980943,0.026738040683014372,-0.4751990812099552,-0.4743258521037861,-0.38447464817852084,1,1,0
133,1,-0.3735012910980943,0.7982792516360054,-0.4751990812099552,-0.4743258521037861,-0.38447464817852084,0,1,0
24,1,-1.5722112109038908,0.00352372718875205,-0.4751990812099552,-0.4743258521037861,0.06851923277692655,1,1,0
304,1,0.8252086287077022,-2.21073147108066,0.4313502389523841,2.006119339191895,-0.2319667082568536,1,1,0
148,1,-1.5722112109038908,0.4125086461595099,0.4313502389523841,-0.4743258521037861,0.40071474547758795,0,1,0
213,1,-0.3735012910980943,-1.670652623413566,0.4313502389523841,0.7658967435440545,0.09368555949667362,1,1,0
271,1,-1.5722112109038908,0.4125086461595099,-0.4751990812099552,-0.4743258521037861,-0.1169565951476094,1,1,0
110,1,-1.5722112109038908,-2.2169038007682835,0.4313502389523841,2.006119339191895,2.404961005438245,1,1,0
82,1,0.8252086287077022,0.00352372718875205,0.4313502389523841,-0.4743258521037861,-0.33414199473902667,0,0,1
51,1,0.8252086287077022,-0.20472432260288295,-0.4751990812099552,-0.4743258521037861,-0.489251126190447,1,1,0
428,0,0.8252086287077022,0.00352372718875205,-0.4751990812099552,-0.4743258521037861,-0.35427505611482435,1,1,0
569,0,-0.3735012910980943,-0.12757020150758383,-0.4751990812099552,0.7658967435440545,0.01818657933743239,1,1,0
678,0,-1.5722112109038908,0.489662767254809,-0.4751990812099552,-0.4743258521037861,0.16163464163999072,1,0,0
448,0,-1.5722112109038908,0.9525874938266037,0.4313502389523841,-0.4743258521037861,0.40071474547758795,1,1,0
673,0,0.8252086287077022,-0.8991114124605749,-0.4751990812099552,-0.4743258521037861,-0.489251126190447,1,1,0
18,1,0.8252086287077022,-1.2077278968417713,0.4313502389523841,-0.4743258521037861,-0.41987460999558585,0,0,0
478,0,0.8252086287077022,-1.0534196546511732,-0.4751990812099552,-0.4743258521037861,-0.4549403629938127,1,1,0
452,0,-1.5722112109038908,0.7982792516360054,-0.4751990812099552,-0.4743258521037861,-0.08809987827767862,1,0,0
641,0,-0.3735012910980943,0.9525874938266037,-0.4751990812099552,-0.4743258521037861,-0.38447464817852084,1,1,0
61,1,-1.5722112109038908,1.1840498571125009,-0.4751990812099552,-0.4743258521037861,-0.11167166653646252,1,1,0
155,1,-0.3735012910980943,-0.12757020150758383,-0.4751990812099552,-0.4743258521037861,-0.39152121966005005,0,1,0
363,0,0.8252086287077022,0.00352372718875205,-0.4751990812099552,-0.4743258521037861,-0.49017322040145855,0,0,1
29,1,0.8252086287077022,-0.976265533555874,3.1509981994394023,2.006119339191895,-0.48664993466069395,0,1,0
286,1,-1.5722112109038908,0.00352372718875205,-0.4751990812099552,-0.4743258521037861,-0.0422126047899606,1,1,0
158,1,-1.5722112109038908,0.2582004039689117,0.4313502389523841,-0.4743258521037861,1.1657710777578991,0,0,1
512,0,0.8252086287077022,0.489662767254809,-0.4751990812099552,-0.4743258521037861,-0.48723782005286725,1,1,0
530,0,-1.5722112109038908,1.5698204625889964,0.4313502389523841,-0.4743258521037861,0.47923368484319884,1,1,0
420,0,0.8252086287077022,-2.1335773499853605,3.1509981994394023,2.006119339191895,-0.016542951535818605,0,1,0
497,0,0.8252086287077022,0.6439710094454072,-0.4751990812099552,-0.4743258521037861,-0.5042663633645169,1,1,0
355,0,0.8252086287077022,0.2582004039689117,-0.4751990812099552,-0.4743258521037861,-0.48723782005286725,1,0,0
544,0,-1.5722112109038908,-0.5904949280793784,-0.4751990812099552,-0.4743258521037861,2.084509107438086,1,0,0
643,0,0.8252086287077022,-0.5904949280793784,-0.4751990812099552,-0.4743258521037861,-0.489251126190447,1,1,0
215,1,0.8252086287077022,-0.5904949280793784,-0.4751990812099552,-0.4743258521037861,-0.5007430776237524,1,0,0
314,1,0.8252086287077022,-0.20472432260288295,-0.4751990812099552,0.7658967435440545,-0.3950445054008146,0,1,0
349,0,0.8252086287077022,0.00352372718875205,-0.4751990812099552,-0.4743258521037861,-0.48723782005286725,1,1,0
204,1,-0.3735012910980943,-2.1335773499853605,0.4313502389523841,0.7658967435440545,-0.12274485029315124,0,1,0
446,0,0.8252086287077022,0.00352372718875205,0.4313502389523841,-0.4743258521037861,-0.49017322040145855,1,0,1
218,1,-1.5722112109038908,0.7211251305407064,0.4313502389523841,0.7658967435440545,0.9573938925183935,0,1,0
637,0,0.8252086287077022,-0.050416080412284736,-0.4751990812099552,-0.4743258521037861,-0.4552765851187885,1,1,0
163,1,-0.3735012910980943,-0.8219572913652758,-0.4751990812099552,-0.4743258521037861,-0.12274485029315124,0,1,0
375,0,-0.3735012910980943,-0.6676490491746776,1.3378995591147234,-0.4743258521037861,0.8335755650572377,1,1,0
594,0,-1.5722112109038908,0.00352372718875205,-0.4751990812099552,-0.4743258521037861,-0.11167166653646252,1,1,0
421,0,0.8252086287077022,0.00352372718875205,-0.4751990812099552,-0.4743258521037861,-0.500658518765974,1,0,0
332,1,0.8252086287077022,-1.9792691077947624,0.4313502389523841,0.7658967435440545,-0.4220570338487224,1,1,0
581,0,0.8252086287077022,0.2582004039689117,-0.4751990812099552,-0.4743258521037861,-0.48966989386706367,1,1,0
393,0,0.8252086287077022,0.00352372718875205,-0.4751990812099552,-0.4743258521037861,-0.5042663633645169,1,1,0
104,1,-1.5722112109038908,-0.8219572913652758,0.4313502389523841,-0.4743258521037861,1.1874986775946599,0,0,0
114,1,-1.5722112109038908,-0.4361866858887803,-0.4751990812099552,-0.4743258521037861,1.0280267117431041,0,0,0
609,0,0.8252086287077022,0.00352372718875205,-0.4751990812099552,-0.4743258521037861,-0.4841333019887193,1,1,0
585,0,0.8252086287077022,-0.5133408069840794,-0.4751990812099552,-0.4743258521037861,-0.4880753554061005,1,1,0
250,1,0.8252086287077022,0.00352372718875205,-0.4751990812099552,-0.4743258521037861,0.4912289628108992,1,1,0
494,0,-0.3735012910980943,2.10989931025609,-0.4751990812099552,-0.4743258521037861,-0.3975611380727893,1,0,1
7,1,-0.3735012910980943,1.955591068065492,-0.4751990812099552,-0.4743258521037861,-0.32407546405112786,0,1,0
89,1,-0.3735012910980943,1.5698204625889964,-0.4751990812099552,0.7658967435440545,-0.12274485029315124,0,1,0
516,0,0.8252086287077022,-0.08899314095993428,-0.4751990812099552,-0.4743258521037861,-0.500658518765974,1,0,0
490,0,0.8252086287077022,0.489662767254809,0.4313502389523841,-0.4743258521037861,-0.3331353416702368,1,1,0
622,0,0.8252086287077022,-0.12757020150758383,-0.4751990812099552,-0.4743258521037861,0.4912289628108992,1,1,0
668,0,0.8252086287077022,0.00352372718875205,0.4313502389523841,2.006119339191895,-0.1740841568014353,0,1,0
350,0,0.8252086287077022,0.2582004039689117,-0.4751990812099552,-0.4743258521037861,-0.4718018018960432,1,0,0
610,0,0.8252086287077022,0.00352372718875205,-0.4751990812099552,-0.4743258521037861,-0.48966989386706367,1,1,0
140,1,0.8252086287077022,0.00352372718875205,-0.4751990812099552,-0.4743258521037861,-0.500658518765974,0,0,0
244,1,0.8252086287077022,-0.7448031702699767,0.4313502389523841,0.7658967435440545,-0.3292758338044964,1,0,0
43,1,-0.3735012910980943,0.21962334342126213,-0.4751990812099552,-0.4743258521037861,-0.38447464817852084,0,1,0
42,1,0.8252086287077022,0.00352372718875205,0.4313502389523841,-0.4743258521037861,-0.15999101383837694,0,0,1
73,1,-1.5722112109038908,0.10389216177831348,0.4313502389523841,-0.4743258521037861,1.6343680812795898,0,0,0
167,1,-0.3735012910980943,0.9525874938266037,0.4313502389523841,-0.4743258521037861,-0.12274485029315124,0,1,0
465,0,-0.3735012910980943,0.18104628287361257,1.3378995591147234,-0.4743258521037861,0.8335755650572377,1,1,0
592,0,0.8252086287077022,-0.4361866858887803,-0.4751990812099552,-0.4743258521037861,-0.48723782005286725,1,1,0
66,1,-1.5722112109038908,2.1870534313513894,-0.4751990812099552,-0.4743258521037861,2.3037078131670836,0,0,0
11,1,0.8252086287077022,-1.1305737757464722,-0.4751990812099552,-0.4743258521037861,-0.48455206966533587,0,0,1
536,0,-0.3735012910980943,-0.8991114124605749,-0.4751990812099552,-0.4743258521037861,-0.41467424024221733,1,1,0
649,0,-0.3735012910980943,0.00352372718875205,-0.4751990812099552,-0.4743258521037861,-0.34320187235813565,1,0,0
248,1,-0.3735012910980943,-0.12757020150758383,-0.4751990812099552,-0.4743258521037861,-0.38447464817852084,0,1,0
612,0,-1.5722112109038908,1.5698204625889964,0.4313502389523841,-0.4743258521037861,1.4964566108553758,1,0,0
344,0,-0.3735012910980943,2.10989931025609,-0.4751990812099552,-0.4743258521037861,-0.434807301618015,0,1,0
227,1,0.8252086287077022,0.18104628287361257,-0.4751990812099552,-0.4743258521037861,-0.48664993466069395,1,1,0
281,1,-1.5722112109038908,-0.20472432260288295,0.4313502389523841,-0.4743258521037861,0.4228611129909654,1,1,0
404,0,0.8252086287077022,0.00352372718875205,6.77719548008876,2.006119339191895,0.7540499726228369,1,1,0
177,1,-1.5722112109038908,1.7241287047795948,-0.4751990812099552,-0.4743258521037861,-0.032146074102061765,1,1,0
499,0,0.8252086287077022,0.18104628287361257,-0.4751990812099552,-0.4743258521037861,-0.47784172030878247,1,1,0
623,0,0.8252086287077022,-0.6676490491746776,-0.4751990812099552,-0.4743258521037861,-0.4841333019887193,1,1,0
83,1,-0.3735012910980943,-0.4361866858887803,-0.4751990812099552,2.006119339191895,-0.35427505611482435,0,1,0
436,0,-1.5722112109038908,2.7271322790184835,-0.4751990812099552,-0.4743258521037861,-0.11167166653646252,1,1,0
341,0,-1.5722112109038908,1.878436946970193,-0.4751990812099552,0.7658967435440545,0.9098295350180712,1,1,0
473,0,0.8252086287077022,0.7982792516360054,-0.4751990812099552,-0.4743258521037861,-0.5007430776237524,1,0,0
79,1,-1.5722112109038908,0.4125086461595099,0.4313502389523841,-0.4743258521037861,1.0344028522808193,0,1,0
23,1,-0.3735012910980943,-0.050416080412284736,0.4313502389523841,-0.4743258521037861,-0.12274485029315124,0,1,0
15,1,-1.5722112109038908,0.00352372718875205,0.4313502389523841,-0.4743258521037861,2.3037078131670836,0,0,0
367,0,-0.3735012910980943,0.3353545250642108,0.4313502389523841,-0.4743258521037861,-0.22341015717213955,1,1,0
338,1,-1.5722112109038908,-0.8219572913652758,-0.4751990812099552,-0.4743258521037861,-0.0422126047899606,0,1,0
456,0,-1.5722112109038908,0.10389216177831348,-0.4751990812099552,-0.4743258521037861,0.37043059455611316,1,1,0
264,1,-1.5722112109038908,-0.20472432260288295,-0.4751990812099552,-0.4743258521037861,0.8985892468519636,1,0,0
369,0,0.8252086287077022,1.0297416149219027,-0.4751990812099552,-0.4743258521037861,-0.5163462001899956,1,1,0
278,1,-1.5722112109038908,0.6439710094454072,-0.4751990812099552,-0.4743258521037861,3.9345703434644728,0,0,0
137,1,0.8252086287077022,0.00352372718875205,-0.4751990812099552,-0.4743258521037861,-0.4875720288717055,0,0,1
451,0,-0.3735012910980943,-0.050416080412284736,-0.4751990812099552,-0.4743258521037861,-0.434807301618015,1,1,0
33,1,0.8252086287077022,-0.050416080412284736,-0.4751990812099552,-0.4743258521037861,-0.4549403629938127,1,1,0
247,1,-1.5722112109038908,0.18104628287361257,-0.4751990812099552,-0.4743258521037861,-0.032146074102061765,1,0,0
630,0,0.8252086287077022,-0.28187844369818205,1.3378995591147234,-0.4743258521037861,-0.4718018018960432,1,1,0
9,1,0.8252086287077022,0.00352372718875205,-0.4751990812099552,-0.4743258521037861,-0.5007430776237524,0,0,0
22,1,-1.5722112109038908,1.4926663414936974,0.4313502389523841,-0.4743258521037861,0.8985892468519636,0,0,0
493,0,0.8252086287077022,-0.6676490491746776,-0.4751990812099552,-0.4743258521037861,-0.4841333019887193,1,1,0
221,1,-0.3735012910980943,2.495669915732586,-0.4751990812099552,-0.4743258521037861,-0.434807301618015,1,1,0
390,0,0.8252086287077022,0.00352372718875205,-0.4751990812099552,-0.4743258521037861,-0.4941998326766181,1,1,0
665,0,0.8252086287077022,-0.8991114124605749,-0.4751990812099552,-0.4743258521037861,-0.47910003664476986,1,1,0
335,1,0.8252086287077022,-1.1305737757464722,-0.4751990812099552,-0.4743258521037861,-0.5007430776237524,0,0,0
84,1,-1.5722112109038908,0.5668168883501081,0.4313502389523841,0.7658967435440545,0.41187248809205507,1,1,0
500,0,0.8252086287077022,0.00352372718875205,-0.4751990812099552,-0.4743258521037861,-0.48723782005286725,1,0,0
528,0,0.8252086287077022,-0.6676490491746776,-0.4751990812099552,-0.4743258521037861,-0.48966989386706367,1,1,0
543,0,0.8252086287077022,0.00352372718875205,-0.4751990812099552,-0.4743258521037861,-0.4841333019887193,1,1,0
249,1,-1.5722112109038908,-0.4361866858887803,-0.4751990812099552,-0.4743258521037861,0.7490167072788875,0,0,0
203,1,-0.3735012910980943,1.5698204625889964,-0.4751990812099552,-0.4743258521037861,-0.434807301618015,0,1,0
196,1,0.8252086287077022,-0.050416080412284736,-0.4751990812099552,-0.4743258521037861,-0.49017322040145855,1,0,1
352,0,-0.3735012910980943,-0.050416080412284736,0.4313502389523841,-0.4743258521037861,-0.22341015717213955,1,1,0
519,0,-0.3735012910980943,0.489662767254809,-0.4751990812099552,-0.4743258521037861,-0.434807301618015,1,1,0
93,1,-1.5722112109038908,0.4125086461595099,-0.4751990812099552,-0.4743258521037861,2.084509107438086,0,1,0
284,1,-1.5722112109038908,-0.050416080412284736,-0.4751990812099552,-0.4743258521037861,3.608666412443748,0,1,0
256,1,0.8252086287077022,0.00352372718875205,-0.4751990812099552,-0.4743258521037861,-0.4885786819404954,0,0,1
361,0,0.8252086287077022,0.026738040683014372,0.4313502389523841,-0.4743258521037861,-0.3220621579135481,1,1,0
620,0,0.8252086287077022,0.00352372718875205,-0.4751990812099552,-0.4743258521037861,-0.500658518765974,1,0,0
28,1,-0.3735012910980943,-0.050416080412284736,-0.4751990812099552,-0.4743258521037861,-0.434807301618015,0,1,0
184,1,-0.3735012910980943,0.2582004039689117,0.4313502389523841,2.006119339191895,-0.08751199288550533,0,1,0
547,0,0.8252086287077022,-1.0534196546511732,0.4313502389523841,3.2463419348397355,0.045869538729154176,1,1,0
327,1,-1.5722112109038908,1.6469745836842955,-0.4751990812099552,-0.4743258521037861,-0.11167166653646252,1,1,0
178,1,-1.5722112109038908,1.4926663414936974,0.4313502389523841,-0.4743258521037861,1.1477358813774596,1,0,0
666,0,0.8252086287077022,0.00352372718875205,-0.4751990812099552,-0.4743258521037861,-0.35427505611482435,1,1,0
153,1,-1.5722112109038908,-0.5133408069840794,0.4313502389523841,-0.4743258521037861,1.6343680812795898,0,0,0
75,1,-1.5722112109038908,0.18104628287361257,-0.4751990812099552,-0.4743258521037861,0.8897810325000521,0,0,0
563,0,0.8252086287077022,-1.2077278968417713,-0.4751990812099552,-0.4743258521037861,-0.4880753554061005,0,1,0
320,1,0.8252086287077022,0.18104628287361257,-0.4751990812099552,-0.4743258521037861,0.4912289628108992,1,1,0
92,1,-1.5722112109038908,2.1870534313513894,-0.4751990812099552,0.7658967435440545,2.443465485319458,0,1,0
518,0,0.8252086287077022,0.00352372718875205,-0.4751990812099552,-0.4743258521037861,-0.3421952192893457,1,1,0
68,1,0.8252086287077022,-0.8991114124605749,-0.4751990812099552,-0.4743258521037861,-0.4841333019887193,1,1,0
408,0,0.8252086287077022,-0.8991114124605749,-0.4751990812099552,-0.4743258521037861,-0.48966989386706367,1,1,0
188,1,-1.5722112109038908,-0.35903256479348117,0.4313502389523841,-0.4743258521037861,1.1874986775946599,1,0,0
236,1,-1.5722112109038908,0.4125086461595099,-0.4751990812099552,-0.4743258521037861,-0.11167166653646252,1,0,0
88,1,-1.5722112109038908,0.4125086461595099,-0.4751990812099552,-0.4743258521037861,9.668550782149426,0,0,0
573,0,0.8252086287077022,0.00352372718875205,0.4313502389523841,-0.4743258521037861,-0.24421364949175128,1,1,0
117,1,-0.3735012910980943,-0.4361866858887803,0.4313502389523841,-0.4743258521037861,-0.12274485029315124,0,1,0
591,0,0.8252086287077022,0.8754333727313045,-0.4751990812099552,2.006119339191895,-0.23926494300558024,0,1,0
557,0,0.8252086287077022,-1.0534196546511732,0.4313502389523841,0.7658967435440545,-0.2385099532039878,1,1,0
238,1,-0.3735012910980943,-0.5904949280793784,0.4313502389523841,2.006119339191895,0.1909121394926757,0,0,0
0,1,-1.5722112109038908,0.6439710094454072,0.4313502389523841,-0.4743258521037861,0.788946607905507,0,0,0
672,0,0.8252086287077022,1.5698204625889964,-0.4751990812099552,-0.4743258521037861,-0.4841333019887193,1,1,0
635,0,0.8252086287077022,0.00352372718875205,-0.4751990812099552,-0.4743258521037861,-0.48723782005286725,1,1,0
457,0,0.8252086287077022,-0.5904949280793784,-0.4751990812099552,-0.4743258521037861,-0.4650068936817115,1,1,0
329,1,-1.5722112109038908,1.4155122203983983,-0.4751990812099552,-0.4743258521037861,-0.12417027103855768,0,1,0
116,1,0.8252086287077022,-0.28187844369818205,-0.4751990812099552,-0.4743258521037861,-0.4880753554061005,0,1,0
228,1,-0.3735012910980943,-0.35903256479348117,0.4313502389523841,0.7658967435440545,-0.0422126047899606,0,1,0
479,0,-1.5722112109038908,0.00352372718875205,-0.4751990812099552,-0.4743258521037861,0.36044862272599265,1,1,0
662,0,0.8252086287077022,-1.670652623413566,3.1509981994394023,0.7658967435440545,-0.05982903349378355,1,0,1
274,1,-1.5722112109038908,-0.5904949280793784,-0.4751990812099552,-0.4743258521037861,2.404961005438245,0,1,0
425,0,0.8252086287077022,0.5668168883501081,1.3378995591147234,-0.4743258521037861,-0.48664993466069395,1,1,0
144,1,-1.5722112109038908,0.00352372718875205,0.4313502389523841,-0.4743258521037861,1.008145313634504,0,0,0
443,0,0.8252086287077022,-0.4361866858887803,-0.4751990812099552,-0.4743258521037861,-0.5042663633645169,1,1,0
360,0,0.8252086287077022,-0.6676490491746776,-0.4751990812099552,-0.4743258521037861,-0.47641629956337606,1,1,0
613,0,0.8252086287077022,0.6439710094454072,-0.4751990812099552,-0.4743258521037861,-0.4718018018960432,1,1,0
481,0,0.8252086287077022,0.026738040683014372,-0.4751990812099552,-0.4743258521037861,-0.5002397510893574,1,1,0
268,1,0.8252086287077022,0.00352372718875205,-0.4751990812099552,-0.4743258521037861,0.4912289628108992,1,1,0
447,0,0.8252086287077022,0.00352372718875205,-0.4751990812099552,-0.4743258521037861,-0.49017322040145855,1,0,1
46,1,0.8252086287077022,0.00352372718875205,0.4313502389523841,0.7658967435440545,-0.19606341990539358,0,0,0
261,1,-0.3735012910980943,0.10389216177831348,-0.4751990812099552,-0.4743258521037861,-0.38447464817852084,1,1,0
195,1,0.8252086287077022,-0.28187844369818205,-0.4751990812099552,-0.4743258521037861,0.4912289628108992,1,1,0
679,0,-0.3735012910980943,-1.0534196546511732,-0.4751990812099552,-0.4743258521037861,-0.12274485029315124,1,1,0
567,0,0.8252086287077022,-0.8219572913652758,-0.4751990812099552,-0.4743258521037861,-0.4819528914417204,1,1,0
107,1,0.8252086287077022,0.00352372718875205,-0.4751990812099552,-0.4743258521037861,-0.49017322040145855,0,0,1
444,0,-0.3735012910980943,0.489662767254809,-0.4751990812099552,-0.4743258521037861,-0.38447464817852084,1,1,0
507,0,0.8252086287077022,0.4125086461595099,-0.4751990812099552,-0.4743258521037861,-0.48723782005286725,1,0,0
311,1,-1.5722112109038908,0.2582004039689117,0.4313502389523841,-0.4743258521037861,0.4228611129909654,0,1,0
100,1,0.8252086287077022,0.026738040683014372,-0.4751990812099552,-0.4743258521037861,-0.4549403629938127,1,1,0
462,0,0.8252086287077022,1.4155122203983983,-0.4751990812099552,-0.4743258521037861,-0.4880753554061005,1,1,0
606,0,0.8252086287077022,-1.5934985023182668,0.4313502389523841,0.7658967435440545,-0.33925981894075447,0,0,0
321,1,-1.5722112109038908,0.00352372718875205,-0.4751990812099552,-0.4743258521037861,-0.04825252320269991,1,0,0
179,1,0.8252086287077022,-0.050416080412284736,-0.4751990812099552,-0.4743258521037861,-0.48723782005286725,1,0,0
336,1,-1.5722112109038908,2.0327451891607913,-0.4751990812099552,0.7658967435440545,1.0280267117431041,0,0,0
149,1,-0.3735012910980943,0.489662767254809,-0.4751990812099552,-0.4743258521037861,-0.38447464817852084,0,1,0
124,1,0.8252086287077022,0.10389216177831348,0.4313502389523841,0.7658967435440545,-0.23297336132564347,0,1,0
539,0,0.8252086287077022,-0.6676490491746776,-0.4751990812099552,-0.4743258521037861,-0.5002397510893574,1,1,0
587,0,0.8252086287077022,-1.2077278968417713,3.1509981994394023,0.7658967435440545,0.15282642728807924,1,1,0
185,1,-0.3735012910980943,-0.5133408069840794,-0.4751990812099552,-0.4743258521037861,-0.36853530348730185,0,0,0
412,0,-1.5722112109038908,-0.8991114124605749,0.4313502389523841,-0.4743258521037861,1.546285937760475,1,0,0
380,0,0.8252086287077022,-0.5904949280793784,-0.4751990812099552,-0.4743258521037861,-0.5002397510893574,1,1,0
670,0,0.8252086287077022,1.0297416149219027,-0.4751990812099552,-0.4743258521037861,-0.4841333019887193,1,1,0
331,1,-0.3735012910980943,-0.20472432260288295,0.4313502389523841,-0.4743258521037861,-0.36719444159967374,0,0,0
626,0,0.8252086287077022,1.0297416149219027,0.4313502389523841,6.967009721783257,0.29803613246101984,0,1,0
142,1,-1.5722112109038908,-0.4361866858887803,-0.4751990812099552,-0.4743258521037861,0.7490167072788875,0,0,0
141,1,0.8252086287077022,0.00352372718875205,-0.4751990812099552,-0.4743258521037861,-0.49017322040145855,0,0,1
597,0,-0.3735012910980943,-0.4361866858887803,-0.4751990812099552,-0.4743258521037861,-0.434807301618015,1,1,0
19,1,-0.3735012910980943,-2.0564232288900617,0.4313502389523841,2.006119339191895,0.1909121394926757,0,0,0
172,1,0.8252086287077022,0.00352372718875205,-0.4751990812099552,-0.4743258521037861,-0.4828749856527319,1,1,0
551,0,0.8252086287077022,0.00352372718875205,0.4313502389523841,-0.4743258521037861,-0.24421364949175128,1,1,0
312,1,-1.5722112109038908,1.7241287047795948,0.4313502389523841,0.7658967435440545,1.236236792573191,0,1,0
632,0,-0.3735012910980943,1.878436946970193,-0.4751990812099552,-0.4743258521037861,-0.36434158680272316,1,1,0
12,1,-1.5722112109038908,-0.12757020150758383,-0.4751990812099552,-0.4743258521037861,0.06851923277692655,1,1,0
305,1,-1.5722112109038908,1.4926663414936974,-0.4751990812099552,-0.4743258521037861,-0.12417027103855768,0,1,0
25,1,-0.3735012910980943,-0.6676490491746776,-0.4751990812099552,-0.4743258521037861,-0.434807301618015,0,1,0
501,0,-1.5722112109038908,0.00352372718875205,-0.4751990812099552,-0.4743258521037861,-0.028204020684680614,1,0,0
169,1,-0.3735012910980943,-0.4361866858887803,1.3378995591147234,3.2463419348397355,-0.2687095452676843,0,1,0
559,0,0.8252086287077022,-0.6676490491746776,-0.4751990812099552,-0.4743258521037861,-0.48916656733266867,1,1,0
615,0,-0.3735012910980943,1.5698204625889964,-0.4751990812099552,-0.4743258521037861,-0.38447464817852084,1,1,0
245,1,-1.5722112109038908,-0.6676490491746776,-0.4751990812099552,-0.4743258521037861,0.9233347925889563,0,1,0
298,1,-0.3735012910980943,1.878436946970193,0.4313502389523841,3.2463419348397355,-0.18314403442054422,0,1,0
583,0,0.8252086287077022,-0.976265533555874,-0.4751990812099552,-0.4743258521037861,-0.4718018018960432,1,1,0
272,1,-0.3735012910980943,1.1840498571125009,-0.4751990812099552,-0.4743258521037861,-0.374408117490622,0,1,0
154,1,0.8252086287077022,-0.4361866858887803,-0.4751990812099552,2.006119339191895,-0.3099823210880695,0,1,0
126,1,0.8252086287077022,0.00352372718875205,1.3378995591147234,-0.4743258521037861,-0.17811076907659482,0,0,1
453,0,0.8252086287077022,0.2582004039689117,0.4313502389523841,0.7658967435440545,-0.23297336132564347,1,1,0
287,1,-1.5722112109038908,-0.6676490491746776,1.3378995591147234,2.006119339191895,4.636207532411021,0,0,0
113,1,-1.5722112109038908,0.026738040683014372,-0.4751990812099552,-0.4743258521037861,0.4999546316111698,0,0,0
354,0,-1.5722112109038908,1.3383580993030992,-0.4751990812099552,-0.4743258521037861,0.12891841690431952,1,1,0
173,1,-1.5722112109038908,-1.9792691077947624,-0.4751990812099552,2.006119339191895,1.0018537319545673,1,1,0
342,0,0.8252086287077022,0.00352372718875205,0.4313502389523841,2.006119339191895,-0.1740841568014353,1,1,0
57,1,0.8252086287077022,-2.21073147108066,0.4313502389523841,0.7658967435440545,-0.4220570338487224,0,1,0
426,0,0.8252086287077022,-0.7448031702699767,-0.4751990812099552,-0.4743258521037861,-0.5654205372935024,1,0,0
222,1,-1.5722112109038908,1.8012828258748939,1.3378995591147234,-0.4743258521037861,0.3902294471130725,0,1,0
280,1,-0.3735012910980943,-1.8249608656041643,-0.4751990812099552,0.7658967435440545,0.01818657933743239,0,1,0
17,1,0.8252086287077022,0.00352372718875205,-0.4751990812099552,-0.4743258521037861,-0.500658518765974,1,0,0
486,0,0.8252086287077022,0.7211251305407064,-0.4751990812099552,-0.4743258521037861,-0.15999101383837694,1,1,0
322,1,-1.5722112109038908,0.026738040683014372,-0.4751990812099552,-0.4743258521037861,-0.022079543414162937,0,0,0
255,1,-0.3735012910980943,-0.8991114124605749,-0.4751990812099552,0.7658967435440545,-0.18314403442054422,0,1,0
531,0,0.8252086287077022,1.4155122203983983,0.4313502389523841,3.2463419348397355,0.045869538729154176,0,1,0
650,0,-1.5722112109038908,0.00352372718875205,-0.4751990812099552,-0.4743258521037861,-0.12274485029315124,1,1,0
190,1,0.8252086287077022,-1.5934985023182668,0.4313502389523841,0.7658967435440545,-0.32608877018870763,1,1,0
422,0,0.8252086287077022,-2.0564232288900617,2.244448879277063,0.7658967435440545,-0.22190017756895475,0,1,0
598,0,0.8252086287077022,0.00352372718875205,-0.4751990812099552,-0.4743258521037861,-0.5062796695020967,1,0,1
357,0,0.8252086287077022,0.7211251305407064,0.4313502389523841,5.726787126135417,-0.016542951535818605,1,1,0
94,1,0.8252086287077022,-0.35903256479348117,-0.4751990812099552,-0.4743258521037861,-0.6462044460638905,1,1,0
180,1,-1.5722112109038908,0.00352372718875205,0.4313502389523841,-0.4743258521037861,0.39794644953841574,0,1,0
301,1,0.8252086287077022,-1.2848820179370704,-0.4751990812099552,-0.4743258521037861,-0.500658518765974,0,0,0
411,0,0.8252086287077022,-0.5133408069840794,-0.4751990812099552,-0.4743258521037861,-0.48664993466069395,0,1,0
596,0,0.8252086287077022,0.00352372718875205,-0.4751990812099552,-0.4743258521037861,-0.4841333019887193,1,1,0
437,0,-0.3735012910980943,-0.20472432260288295,0.4313502389523841,-0.4743258521037861,-0.22341015717213955,0,1,0
434,0,0.8252086287077022,-0.5904949280793784,0.4313502389523841,-0.4743258521037861,-0.5002397510893574,1,1,0
658,0,-0.3735012910980943,-0.5133408069840794,1.3378995591147234,0.7658967435440545,-0.41467424024221733,1,1,0
5,1,0.8252086287077022,-1.9792691077947624,0.4313502389523841,0.7658967435440545,-0.3099823210880695,0,1,0
45,1,0.8252086287077022,-0.4361866858887803,-0.4751990812099552,-0.4743258521037861,-0.5024201616363563,1,1,0
522,0,-1.5722112109038908,3.190057005590278,-0.4751990812099552,-0.4743258521037861,0.05149068946527694,1,0,0
513,0,0.8252086287077022,-0.5904949280793784,-0.4751990812099552,-0.4743258521037861,-0.448145454779481,0,1,0
506,0,0.8252086287077022,-0.8219572913652758,-0.4751990812099552,-0.4743258521037861,-0.35427505611482435,1,1,0
16,1,0.8252086287077022,0.00352372718875205,-0.4751990812099552,-0.4743258521037861,-0.49017322040145855,0,0,1
48,1,-1.5722112109038908,-0.8219572913652758,-0.4751990812099552,2.006119339191895,-0.11704115400538775,0,1,0
656,0,-0.3735012910980943,0.3353545250642108,-0.4751990812099552,-0.4743258521037861,-0.38447464817852084,1,1,0
621,0,0.8252086287077022,-0.12757020150758383,-0.4751990812099552,-0.4743258521037861,-0.48723782005286725,0,1,0
3,1,0.8252086287077022,-0.20472432260288295,-0.4751990812099552,2.006119339191895,-0.4220570338487224,0,1,0
432,0,-0.3735012910980943,0.7211251305407064,-0.4751990812099552,-0.4743258521037861,-0.12274485029315124,1,1,0
396,0,0.8252086287077022,-0.28187844369818205,-0.4751990812099552,-0.4743258521037861,-0.48723782005286725,1,1,0
316,1,0.8252086287077022,0.00352372718875205,-0.4751990812099552,-0.4743258521037861,-0.49017322040145855,1,0,1
625,0,0.8252086287077022,0.00352372718875205,-0.4751990812099552,-0.4743258521037861,-0.5002397510893574,1,1,0
283,1,0.8252086287077022,0.00352372718875205,-0.4751990812099552,-0.4743258521037861,-0.49042488366865605,0,0,1
483,0,-1.5722112109038908,0.5668168883501081,-0.4751990812099552,0.7658967435440545,-0.04825252320269991,1,0,0
285,1,-1.5722112109038908,0.4125086461595099,-0.4751990812099552,-0.4743258521037861,9.668550782149426,1,0,0
398,0,-0.3735012910980943,-0.5133408069840794,-0.4751990812099552,-0.4743258521037861,-0.343286431215914,1,0,0
225,1,-0.3735012910980943,0.3353545250642108,-0.4751990812099552,-0.4743258521037861,-0.38447464817852084,0,1,0
26,1,-0.3735012910980943,-1.9021149866994633,0.4313502389523841,2.006119339191895,-0.08751199288550533,0,1,0
535,0,0.8252086287077022,0.00352372718875205,-0.4751990812099552,-0.4743258521037861,-0.48723782005286725,1,1,0
263,1,-1.5722112109038908,0.489662767254809,-0.4751990812099552,0.7658967435440545,9.668550782149426,1,0,0
50,1,0.8252086287077022,-0.4361866858887803,0.4313502389523841,-0.4743258521037861,-0.32709542325749746,0,1,0
364,0,0.8252086287077022,1.1840498571125009,-0.4751990812099552,-0.4743258521037861,-0.5057763429677017,1,1,0
229,1,-1.5722112109038908,0.7211251305407064,0.4313502389523841,0.7658967435440545,1.5862158383870948,0,0,0
37,1,-1.5722112109038908,-0.5133408069840794,2.244448879277063,2.006119339191895,4.648790695770894,0,1,0
157,1,-0.3735012910980943,-2.0564232288900617,0.4313502389523841,0.7658967435440545,-0.2687095452676843,1,1,0
237,1,-1.5722112109038908,-0.20472432260288295,-0.4751990812099552,-0.4743258521037861,-0.032146074102061765,1,1,0
651,0,0.8252086287077022,2.418515794637287,-0.4751990812099552,-0.4743258521037861,-0.5206244757323525,1,1,0
374,0,-0.3735012910980943,-0.8991114124605749,-0.4751990812099552,-0.4743258521037861,-0.38447464817852084,1,1,0
370,0,0.8252086287077022,0.00352372718875205,2.244448879277063,0.7658967435440545,-0.13348181192486414,0,1,0
175,1,-1.5722112109038908,0.3353545250642108,-0.4751990812099552,-0.4743258521037861,-0.11167166653646252,1,1,0
574,0,-1.5722112109038908,1.2226269176601505,-0.4751990812099552,-0.4743258521037861,-0.07241219685365709,1,1,0
568,0,0.8252086287077022,0.00352372718875205,0.4313502389523841,-0.4743258521037861,-0.3551971503258359,0,0,0
194,1,-1.5722112109038908,0.00352372718875205,-0.4751990812099552,-0.4743258521037861,-0.11167166653646252,1,1,0
576,0,-0.3735012910980943,0.3353545250642108,0.4313502389523841,-0.4743258521037861,-0.22341015717213955,1,1,0
584,0,0.8252086287077022,-0.35903256479348117,-0.4751990812099552,-0.4743258521037861,-0.48723782005286725,1,1,0
409,0,0.8252086287077022,0.00352372718875205,-0.4751990812099552,2.006119339191895,-0.33925981894075447,0,0,0
431,0,0.8252086287077022,-0.5904949280793784,-0.4751990812099552,-0.4743258521037861,-0.500658518765974,1,0,0
655,0,0.8252086287077022,0.489662767254809,-0.4751990812099552,-0.4743258521037861,-0.49529104460318635,1,1,0
628,0,0.8252086287077022,-0.6676490491746776,1.3378995591147234,2.006119339191895,0.045869538729154176,0,1,0
582,0,0.8252086287077022,-0.5904949280793784,-0.4751990812099552,-0.4743258521037861,-0.49478771806879135,1,1,0
67,1,0.8252086287077022,0.00352372718875205,-0.4751990812099552,-0.4743258521037861,-0.49017322040145855,0,0,1
424,0,0.8252086287077022,0.7211251305407064,-0.4751990812099552,5.726787126135417,-0.05982903349378355,0,0,1
168,1,-1.5722112109038908,-1.2077278968417713,0.4313502389523841,2.006119339191895,1.769762919031829,0,1,0
430,0,0.8252086287077022,-0.5133408069840794,-0.4751990812099552,-0.4743258521037861,-0.48723782005286725,1,1,0
162,1,-0.3735012910980943,-0.12757020150758383,0.4313502389523841,-0.4743258521037861,-0.12274485029315124,0,1,0
309,1,0.8252086287077022,-2.255480861315933,-0.4751990812099552,0.7658967435440545,-0.4747372022446345,1,0,0
193,1,-0.3735012910980943,0.2582004039689117,-0.4751990812099552,2.006119339191895,-0.12274485029315124,0,1,0
653,0,0.8252086287077022,0.00352372718875205,0.4313502389523841,-0.4743258521037861,-0.15999101383837694,1,0,1
365,0,0.8252086287077022,-0.35903256479348117,-0.4751990812099552,-0.4743258521037861,-0.5042663633645169,1,1,0
383,0,0.8252086287077022,0.00352372718875205,-0.4751990812099552,-0.4743258521037861,-0.4841333019887193,1,1,0
611,0,0.8252086287077022,3.4215193688761754,-0.4751990812099552,-0.4743258521037861,-0.48966989386706367,1,1,0
477,0,0.8252086287077022,-0.8219572913652758,-0.4751990812099552,-0.4743258521037861,-0.4921865265390384,1,1,0
152,1,0.8252086287077022,-0.6676490491746776,-0.4751990812099552,-0.4743258521037861,-0.489251126190447,1,1,0
624,0,0.8252086287077022,0.8754333727313045,-0.4751990812099552,-0.4743258521037861,-0.5027563837613321,1,1,0
445,0,0.8252086287077022,-0.5904949280793784,-0.4751990812099552,-0.4743258521037861,-0.4344710794930392,0,1,0
226,1,-1.5722112109038908,0.7211251305407064,0.4313502389523841,-0.4743258521037861,0.47923368484319884,0,1,0
439,0,-1.5722112109038908,1.6469745836842955,-0.4751990812099552,0.7658967435440545,0.5895467547334693,1,0,0
545,0,0.8252086287077022,0.00352372718875205,-0.4751990812099552,-0.4743258521037861,-0.15999101383837694,1,0,1
103,1,-1.5722112109038908,-0.28187844369818205,-0.4751990812099552,-0.4743258521037861,0.941287443417755,0,1,0
541,0,0.8252086287077022,-0.7448031702699767,-0.4751990812099552,-0.4743258521037861,-0.4841333019887193,1,1,0
515,0,0.8252086287077022,-1.0534196546511732,3.1509981994394023,0.7658967435440545,0.15282642728807924,1,1,0
74,1,0.8252086287077022,-0.20472432260288295,-0.4751990812099552,-0.4743258521037861,-0.48664993466069395,0,1,0
115,1,-1.5722112109038908,-0.8991114124605749,1.3378995591147234,2.006119339191895,4.636207532411021,0,0,0
407,0,-1.5722112109038908,0.00352372718875205,-0.4751990812099552,-0.4743258521037861,-0.6462044460638905,1,1,0
654,0,0.8252086287077022,0.7982792516360054,-0.4751990812099552,-0.4743258521037861,-0.48723782005286725,1,1,0
119,1,-1.5722112109038908,0.7982792516360054,0.4313502389523841,0.7658967435440545,2.061692308980895,0,0,0
53,1,0.8252086287077022,-1.0534196546511732,-0.4751990812099552,-0.4743258521037861,-0.4905094425264344,0,0,1
151,1,-1.5722112109038908,0.489662767254809,0.4313502389523841,2.006119339191895,1.769762919031829,1,1,0
403,0,0.8252086287077022,1.1840498571125009,-0.4751990812099552,-0.4743258521037861,-0.49017322040145855,0,1,0
639,0,0.8252086287077022,-1.5934985023182668,3.1509981994394023,2.006119339191895,-0.014277982131041355,1,1,0
207,1,-1.5722112109038908,0.026738040683014372,-0.4751990812099552,-0.4743258521037861,1.4964566108553758,0,0,0
532,0,0.8252086287077022,-0.4361866858887803,-0.4751990812099552,-0.4743258521037861,-0.4549403629938127,1,1,0
468,0,-1.5722112109038908,0.6439710094454072,-0.4751990812099552,0.7658967435440545,2.443465485319458,1,1,0
487,0,0.8252086287077022,1.6469745836842955,-0.4751990812099552,-0.4743258521037861,-0.5041818045067386,1,1,0
525,0,-1.5722112109038908,-0.12757020150758383,0.4313502389523841,-0.4743258521037861,1.008145313634504,1,0,0
8,1,-0.3735012910980943,0.00352372718875205,-0.4751990812099552,-0.4743258521037861,-0.38447464817852084,1,1,0
640,0,-1.5722112109038908,2.3413616735419875,-0.4751990812099552,-0.4743258521037861,-0.11167166653646252,1,1,0
36,1,0.8252086287077022,0.2582004039689117,2.244448879277063,-0.4743258521037861,-0.32709542325749746,0,1,0
139,1,-1.5722112109038908,2.3413616735419875,0.4313502389523841,-0.4743258521037861,0.8688084224648837,0,0,0
253,1,-1.5722112109038908,2.0327451891607913,-0.4751990812099552,-0.4743258521037861,0.06851923277692655,1,0,0
303,1,0.8252086287077022,-0.8991114124605749,-0.4751990812099552,-0.4743258521037861,-0.49529104460318635,0,1,0
511,0,-0.3735012910980943,1.1068957360172018,0.4313502389523841,-0.4743258521037861,-0.12274485029315124,1,1,0
514,0,0.8252086287077022,-0.28187844369818205,0.4313502389523841,-0.4743258521037861,-0.3220621579135481,0,1,0
368,0,0.8252086287077022,0.00352372718875205,-0.4751990812099552,-0.4743258521037861,-0.4841333019887193,1,1,0
59,1,0.8252086287077022,-1.9792691077947624,-0.4751990812099552,2.006119339191895,-0.20277376926194698,0,1,0
111,1,-1.5722112109038908,0.00352372718875205,-0.4751990812099552,-0.4743258521037861,1.5862158383870948,0,0,0
470,0,0.8252086287077022,0.4125086461595099,-0.4751990812099552,-0.4743258521037861,-0.5027563837613321,1,1,0
556,0,-1.5722112109038908,0.00352372718875205,-0.4751990812099552,-0.4743258521037861,-0.12425482989633606,1,1,0
648,0,-1.5722112109038908,1.3383580993030992,-0.4751990812099552,-0.4743258521037861,-0.1310497381106678,1,1,0
262,1,0.8252086287077022,-0.8991114124605749,-0.4751990812099552,-0.4743258521037861,-0.4480608959217026,0,1,0
570,0,-1.5722112109038908,1.5698204625889964,-0.4751990812099552,-0.4743258521037861,-0.06813392131130011,0,0,0
297,1,-1.5722112109038908,1.6469745836842955,0.4313502389523841,-0.4743258521037861,0.9233347925889563,0,1,0
414,0,0.8252086287077022,-0.7448031702699767,-0.4751990812099552,-0.4743258521037861,-0.5042663633645169,1,1,0
150,1,-0.3735012910980943,-0.976265533555874,-0.4751990812099552,-0.4743258521037861,-0.4046077095543185,0,0,0
433,0,0.8252086287077022,0.00352372718875205,-0.4751990812099552,-0.4743258521037861,-0.4906765469358535,1,0,1
440,0,0.8252086287077022,-0.12757020150758383,-0.4751990812099552,-0.4743258521037861,-0.4549403629938127,1,1,0
266,1,-1.5722112109038908,0.10389216177831348,0.4313502389523841,-0.4743258521037861,0.5013800523565762,1,1,0
589,0,0.8252086287077022,-0.28187844369818205,0.4313502389523841,-0.4743258521037861,-0.4880753554061005,1,1,0
359,0,-0.3735012910980943,-0.5133408069840794,-0.4751990812099552,-0.4743258521037861,-0.38447464817852084,1,1,0
601,0,0.8252086287077022,-0.8991114124605749,-0.4751990812099552,-0.4743258521037861,-0.5103062817772562,0,0,1
38,1,-1.5722112109038908,-0.5133408069840794,-0.4751990812099552,0.7658967435440545,0.6293920965023105,1,0,0
127,1,-1.5722112109038908,0.00352372718875205,0.4313502389523841,-0.4743258521037861,2.044579206811467,0,1,0
423,0,0.8252086287077022,-0.5904949280793784,-0.4751990812099552,-0.4743258521037861,-0.4841333019887193,1,1,0
416,0,-0.3735012910980943,-0.8219572913652758,-0.4751990812099552,-0.4743258521037861,-0.434807301618015,1,1,0
307,1,-0.3735012910980943,0.10389216177831348,0.4313502389523841,0.7658967435440545,-0.11771158494920184,0,1,0
198,1,-1.5722112109038908,1.878436946970193,0.4313502389523841,-0.4743258521037861,0.5496993996584907,0,0,0
351,0,-0.3735012910980943,0.4125086461595099,-0.4751990812099552,-0.4743258521037861,-0.12274485029315124,1,1,0
645,0,-0.3735012910980943,1.6469745836842955,-0.4751990812099552,-0.4743258521037861,-0.39403785233202476,1,1,0
146,1,-1.5722112109038908,0.9525874938266037,-0.4751990812099552,-0.4743258521037861,3.9345703434644728,0,0,0
450,0,0.8252086287077022,-0.35903256479348117,-0.4751990812099552,-0.4743258521037861,-0.5002397510893574,1,1,0
629,0,0.8252086287077022,-0.976265533555874,0.4313502389523841,-0.4743258521037861,-0.5041818045067386,1,1,0
646,0,0.8252086287077022,-0.8991114124605749,-0.4751990812099552,-0.4743258521037861,-0.48966989386706367,0,1,0
419,0,-0.3735012910980943,1.878436946970193,0.4313502389523841,-0.4743258521037861,-0.12274485029315124,1,1,0
442,0,-1.5722112109038908,2.6499781579231843,-0.4751990812099552,-0.4743258521037861,-0.12274485029315124,1,1,0
603,0,0.8252086287077022,-0.6676490491746776,-0.4751990812099552,-0.4743258521037861,-0.4880753554061005,1,1,0
147,1,0.8252086287077022,-2.21073147108066,-0.4751990812099552,2.006119339191895,-0.3292758338044964,0,0,0
534,0,0.8252086287077022,2.7271322790184835,-0.4751990812099552,-0.4743258521037861,-0.49017322040145855,1,0,1
348,0,0.8252086287077022,0.00352372718875205,6.77719548008876,2.006119339191895,0.7540499726228369,1,1,0
463,0,0.8252086287077022,1.6469745836842955,-0.4751990812099552,-0.4743258521037861,-0.49017322040145855,1,1,0
325,1,0.8252086287077022,-0.8991114124605749,-0.4751990812099552,0.7658967435440545,-0.4579603222001823,0,1,0
186,1,0.8252086287077022,-2.1335773499853605,-0.4751990812099552,0.7658967435440545,-0.39881945440877664,0,1,0
123,1,-0.3735012910980943,0.489662767254809,-0.4751990812099552,-0.4743258521037861,-0.38447464817852084,0,1,0
575,0,-1.5722112109038908,0.00352372718875205,-0.4751990812099552,-0.4743258521037861,-0.022079543414162937,1,1,0
96,1,0.8252086287077022,0.00352372718875205,-0.4751990812099552,-0.4743258521037861,-0.49017322040145855,0,0,1
143,1,-1.5722112109038908,-0.35903256479348117,0.4313502389523841,-0.4743258521037861,0.4700067028146707,1,0,0
239,1,-1.5722112109038908,0.7982792516360054,-0.4751990812099552,-0.4743258521037861,2.443465485319458,0,1,0
394,0,0.8252086287077022,0.00352372718875205,-0.4751990812099552,-0.4743258521037861,-0.5007430776237524,1,0,0
469,0,-0.3735012910980943,-0.20472432260288295,-0.4751990812099552,-0.4743258521037861,-0.12274485029315124,1,1,0
503,0,0.8252086287077022,0.00352372718875205,0.4313502389523841,-0.4743258521037861,-0.33414199473902667,1,0,1
97,1,-1.5722112109038908,2.572824036827885,0.4313502389523841,-0.4743258521037861,0.9233347925889563,0,1,0
371,0,0.8252086287077022,-0.35903256479348117,-0.4751990812099552,-0.4743258521037861,-0.5042663633645169,1,1,0
324,1,-1.5722112109038908,-1.0534196546511732,-0.4751990812099552,0.7658967435440545,0.1470381721425374,0,1,0
279,1,-0.3735012910980943,-0.20472432260288295,-0.4751990812099552,-0.4743258521037861,-0.434807301618015,0,1,0
293,1,-0.3735012910980943,-2.2361923310421083,0.4313502389523841,0.7658967435440545,-0.35427505611482435,1,1,0
254,1,0.8252086287077022,-0.5133408069840794,-0.4751990812099552,-0.4743258521037861,-0.4941998326766181,0,1,0
400,0,-1.5722112109038908,-0.050416080412284736,-0.4751990812099552,-0.4743258521037861,-0.0422126047899606,1,1,0
122,1,-1.5722112109038908,0.489662767254809,-0.4751990812099552,-0.4743258521037861,2.084509107438086,0,0,0
183,1,0.8252086287077022,-2.2300200013544846,1.3378995591147234,0.7658967435440545,-0.25847591017036636,0,0,0
202,1,-1.5722112109038908,1.1068957360172018,-0.4751990812099552,0.7658967435440545,0.5210943460557573,0,0,0
438,0,0.8252086287077022,0.7211251305407064,0.4313502389523841,5.726787126135417,-0.016542951535818605,0,1,0
323,1,-1.5722112109038908,0.00352372718875205,0.4313502389523841,-0.4743258521037861,1.1477358813774596,0,0,0
246,1,-1.5722112109038908,3.8844440954479698,-0.4751990812099552,-0.4743258521037861,-0.0422126047899606,1,1,0
415,0,0.8252086287077022,-0.28187844369818205,-0.4751990812099552,-0.4743258521037861,-0.48723782005286725,1,1,0
197,1,-1.5722112109038908,0.489662767254809,-0.4751990812099552,-0.4743258521037861,-0.1169565951476094,1,1,0
549,0,-0.3735012910980943,3.112902884494979,-0.4751990812099552,-0.4743258521037861,-0.434807301618015,1,1,0
642,0,-0.3735012910980943,-0.20472432260288295,-0.4751990812099552,-0.4743258521037861,-0.38447464817852084,1,1,0
171,1,-0.3735012910980943,-0.12757020150758383,-0.4751990812099552,-0.4743258521037861,-0.38447464817852084,0,1,0
633,0,-1.5722112109038908,2.1870534313513894,-0.4751990812099552,-0.4743258521037861,-0.04825252320269991,1,0,0
129,1,0.8252086287077022,1.1840498571125009,-0.4751990812099552,-0.4743258521037861,-0.4841333019887193,1,1,0
125,1,-1.5722112109038908,-1.0534196546511732,-0.4751990812099552,0.7658967435440545,0.5210943460557573,0,0,0
402,0,-1.5722112109038908,2.7271322790184835,-0.4751990812099552,0.7658967435440545,0.6016265915589479,1,0,0
537,0,0.8252086287077022,0.00352372718875205,-0.4751990812099552,-0.4743258521037861,-0.48723782005286725,1,0,0
529,0,-0.3735012910980943,1.1068957360172018,0.4313502389523841,-0.4743258521037861,-0.12274485029315124,0,1,0
219,1,0.8252086287077022,0.489662767254809,0.4313502389523841,-0.4743258521037861,-0.29588917812501114,0,1,0
616,0,-0.3735012910980943,-0.12757020150758383,-0.4751990812099552,-0.4743258521037861,-0.374408117490622,1,1,0
517,0,0.8252086287077022,-1.9792691077947624,3.1509981994394023,0.7658967435440545,-0.05982903349378355,1,0,1
619,0,-0.3735012910980943,0.00352372718875205,-0.4751990812099552,-0.4743258521037861,-0.6462044460638905,1,1,0
550,0,-1.5722112109038908,1.878436946970193,-0.4751990812099552,-0.4743258521037861,0.39794644953841574,1,1,0
386,0,0.8252086287077022,0.9525874938266037,-0.4751990812099552,-0.4743258521037861,-0.4941998326766181,1,1,0
657,0,0.8252086287077022,0.2582004039689117,-0.4751990812099552,-0.4743258521037861,-0.48723782005286725,1,1,0
509,0,0.8252086287077022,0.00352372718875205,-0.4751990812099552,-0.4743258521037861,-0.48723782005286725,1,1,0
267,1,0.8252086287077022,-1.9792691077947624,-0.4751990812099552,0.7658967435440545,-0.376085201503226,0,0,0
441,0,-1.5722112109038908,-0.4361866858887803,-0.4751990812099552,-0.4743258521037861,0.9483340148992845,1,0,0
496,0,-1.5722112109038908,1.2612039782078002,-0.4751990812099552,-0.4743258521037861,0.9483340148992845,1,0,0
112,1,-1.5722112109038908,-0.976265533555874,0.4313502389523841,-0.4743258521037861,1.546285937760475,0,0,0
232,1,-1.5722112109038908,1.7241287047795948,0.4313502389523841,-0.4743258521037861,0.9295438287172524,0,0,0
588,0,0.8252086287077022,-1.1691508362941219,0.4313502389523841,-0.4743258521037861,-0.3551971503258359,0,0,0
373,0,0.8252086287077022,3.1514799450426283,-0.4751990812099552,-0.4743258521037861,-0.49017322040145855,1,0,1
233,1,-0.3735012910980943,0.00352372718875205,-0.4751990812099552,-0.4743258521037861,0.01818657933743239,0,1,0
538,0,0.8252086287077022,0.3353545250642108,-0.4751990812099552,-0.4743258521037861,-0.4841333019887193,1,1,0
317,1,0.8252086287077022,-1.1305737757464722,0.4313502389523841,-0.4743258521037861,-0.3551971503258359,0,0,0
410,0,-0.3735012910980943,0.21962334342126213,0.4313502389523841,-0.4743258521037861,-0.040787184044554156,1,0,0
605,0,0.8252086287077022,0.00352372718875205,-0.4751990812099552,-0.4743258521037861,-0.4707951488272534,1,0,0
358,0,0.8252086287077022,-0.12757020150758383,-0.4751990812099552,-0.4743258521037861,-0.4549403629938127,1,1,0
258,1,0.8252086287077022,-0.7448031702699767,0.4313502389523841,-0.4743258521037861,-0.48664993466069395,1,1,0
282,1,-0.3735012910980943,0.026738040683014372,2.244448879277063,-0.4743258521037861,-0.22341015717213955,0,1,0
376,0,0.8252086287077022,0.00352372718875205,-0.4751990812099552,-0.4743258521037861,-0.47591297302898106,1,0,1
384,0,0.8252086287077022,0.00352372718875205,-0.4751990812099552,-0.4743258521037861,-0.4941998326766181,0,1,0
224,1,0.8252086287077022,0.00352372718875205,-0.4751990812099552,-0.4743258521037861,-0.49017322040145855,0,0,1
644,0,0.8252086287077022,-1.9792691077947624,3.1509981994394023,2.006119339191895,-0.016542951535818605,1,1,0
554,0,0.8252086287077022,-0.12757020150758383,-0.4751990812099552,-0.4743258521037861,-0.48723782005286725,1,1,0
472,0,0.8252086287077022,0.5668168883501081,-0.4751990812099552,-0.4743258521037861,-0.4531787201234304,0,1,0
347,0,0.8252086287077022,0.026738040683014372,-0.4751990812099552,-0.4743258521037861,-0.48723782005286725,1,1,0
505,0,0.8252086287077022,-0.28187844369818205,0.4313502389523841,-0.4743258521037861,-0.3551971503258359,1,0,0
669,0,0.8252086287077022,-1.4391902601276687,3.1509981994394023,2.006119339191895,-0.016542951535818605,0,1,0
627,0,0.8252086287077022,-0.050416080412284736,-0.4751990812099552,-0.4743258521037861,-0.48966989386706367,1,1,0
577,0,-0.3735012910980943,-0.28187844369818205,-0.4751990812099552,-0.4743258521037861,-0.434807301618015,1,1,0
85,1,0.8252086287077022,-0.050416080412284736,-0.4751990812099552,2.006119339191895,-0.33925981894075447,0,0,0
242,1,-0.3735012910980943,-1.9792691077947624,1.3378995591147234,0.7658967435440545,0.13898494759221836,0,1,0
159,1,0.8252086287077022,1.1068957360172018,-0.4751990812099552,-0.4743258521037861,-0.48664993466069395,1,1,0
524,0,0.8252086287077022,0.00352372718875205,-0.4751990812099552,-0.4743258521037861,-0.4841333019887193,1,1,0
35,1,-0.3735012910980943,-0.976265533555874,-0.4751990812099552,-0.4743258521037861,-0.434807301618015,0,1,0
540,0,0.8252086287077022,0.026738040683014372,-0.4751990812099552,-0.4743258521037861,-0.4841333019887193,1,1,0
170,1,-0.3735012910980943,1.1840498571125009,0.4313502389523841,0.7658967435440545,-0.11771158494920184,0,1,0
579,0,-0.3735012910980943,0.026738040683014372,0.4313502389523841,-0.4743258521037861,-0.16301097304474657,1,0,0
571,0,-0.3735012910980943,0.00352372718875205,-0.4751990812099552,-0.4743258521037861,-0.6462044460638905,1,1,0
638,0,0.8252086287077022,-0.35903256479348117,-0.4751990812099552,-0.4743258521037861,-0.5007430776237524,1,0,0
95,1,-0.3735012910980943,0.8754333727313045,-0.4751990812099552,0.7658967435440545,-0.25360974923583607,0,1,0
240,1,0.8252086287077022,0.00352372718875205,0.4313502389523841,-0.4743258521037861,-0.33414199473902667,0,0,1
460,0,0.8252086287077022,0.00352372718875205,-0.4751990812099552,-0.4743258521037861,-0.5007430776237524,1,0,0
553,0,0.8252086287077022,0.00352372718875205,-0.4751990812099552,-0.4743258521037861,-0.48723782005286725,1,1,0
593,0,-0.3735012910980943,0.489662767254809,0.4313502389523841,2.006119339191895,-0.08751199288550533,1,1,0
206,1,-0.3735012910980943,-1.747806744508865,-0.4751990812099552,2.006119339191895,-0.11771158494920184,0,1,0
392,0,-0.3735012910980943,-0.35903256479348117,-0.4751990812099552,-0.4743258521037861,-0.38447464817852084,1,1,0
397,0,-1.5722112109038908,-0.8219572913652758,0.4313502389523841,-0.4743258521037861,0.4228611129909654,1,1,0
572,0,0.8252086287077022,-0.6676490491746776,-0.4751990812099552,-0.4743258521037861,-0.48664993466069395,1,1,0
217,1,-1.5722112109038908,1.4155122203983983,0.4313502389523841,-0.4743258521037861,0.151064784417697,0,0,0
4,1,-0.3735012910980943,-1.2077278968417713,0.4313502389523841,-0.4743258521037861,-0.040787184044554156,0,0,0
604,0,-1.5722112109038908,-0.4361866858887803,-0.4751990812099552,0.7658967435440545,4.337147012122648,1,0,0
546,0,-0.3735012910980943,2.8042864001137824,-0.4751990812099552,-0.4743258521037861,-0.434807301618015,1,1,0
98,1,0.8252086287077022,0.4125086461595099,0.4313502389523841,0.7658967435440545,-0.2385099532039878,0,1,0
406,0,0.8252086287077022,0.00352372718875205,-0.4751990812099552,-0.4743258521037861,-0.48723782005286725,1,1,0
502,0,0.8252086287077022,-0.8219572913652758,-0.4751990812099552,-0.4743258521037861,-0.6462044460638905,1,1,0
47,1,-0.3735012910980943,-0.050416080412284736,0.4313502389523841,-0.4743258521037861,-0.12274485029315124,0,1,0
32,1,0.8252086287077022,0.026738040683014372,-0.4751990812099552,-0.4743258521037861,-0.3950445054008146,0,1,0
200,1,-0.3735012910980943,0.489662767254809,0.4313502389523841,-0.4743258521037861,-0.12274485029315124,0,1,0
134,1,0.8252086287077022,0.00352372718875205,0.4313502389523841,-0.4743258521037861,-0.3220621579135481,0,1,0
27,1,0.8252086287077022,0.00352372718875205,0.4313502389523841,0.7658967435440545,-0.33925981894075447,1,0,0
595,0,-0.3735012910980943,0.10389216177831348,-0.4751990812099552,-0.4743258521037861,-0.434807301618015,1,1,0
230,1,-1.5722112109038908,-0.8991114124605749,-0.4751990812099552,2.006119339191895,0.9573938925183935,0,1,0
489,0,0.8252086287077022,-0.12757020150758383,-0.4751990812099552,-0.4743258521037861,-0.19270723857404815,1,1,0
378,0,0.8252086287077022,0.00352372718875205,-0.4751990812099552,-0.4743258521037861,-0.482371659118337,0,0,1
288,1,0.8252086287077022,0.10389216177831348,-0.4751990812099552,-0.4743258521037861,-0.48664993466069395,1,1,0
418,0,0.8252086287077022,1.3383580993030992,-0.4751990812099552,-0.4743258521037861,-0.4650068936817115,1,1,0
391,0,0.8252086287077022,-0.976265533555874,-0.4751990812099552,-0.4743258521037861,-0.3551146047741951,0,0,0
498,0,0.8252086287077022,0.00352372718875205,-0.4751990812099552,-0.4743258521037861,-0.48723782005286725,1,1,0
138,1,0.8252086287077022,0.00352372718875205,-0.4751990812099552,-0.4743258521037861,-0.4875720288717055,0,0,1
62,1,-0.3735012910980943,0.18104628287361257,-0.4751990812099552,-0.4743258521037861,-0.38447464817852084,0,1,0
471,0,0.8252086287077022,0.489662767254809,0.4313502389523841,0.7658967435440545,-0.15999101383837694,1,1,0
128,1,-1.5722112109038908,0.8754333727313045,-0.4751990812099552,-0.4743258521037861,2.061692308980895,0,0,0
660,0,0.8252086287077022,-0.050416080412284736,-0.4751990812099552,4.486564530487576,-0.22190017756895475,0,1,0
520,0,0.8252086287077022,1.4926663414936974,-0.4751990812099552,-0.4743258521037861,-0.6462044460638905,1,1,0
64,1,-0.3735012910980943,-2.0564232288900617,0.4313502389523841,0.7658967435440545,-0.12274485029315124,1,1,0
14,1,0.8252086287077022,0.00352372718875205,-0.4751990812099552,-0.4743258521037861,-0.4875720288717055,0,0,1
156,1,0.8252086287077022,0.7211251305407064,-0.4751990812099552,-0.4743258521037861,-0.48664993466069395,1,1,0
40,1,0.8252086287077022,-0.6676490491746776,-0.4751990812099552,-0.4743258521037861,-0.4921865265390384,0,1,0
492,0,0.8252086287077022,-0.35903256479348117,0.4313502389523841,-0.4743258521037861,-0.48664993466069395,0,1,0
379,0,-1.5722112109038908,0.7211251305407064,-0.4751990812099552,-0.4743258521037861,-0.6462044460638905,1,1,0
187,1,0.8252086287077022,2.572824036827885,-0.4751990812099552,-0.4743258521037861,-0.4531787201234304,0,1,0
216,1,0.8252086287077022,-0.5904949280793784,-0.4751990812099552,-0.4743258521037861,-0.48966989386706367,0,1,0
52,1,-1.5722112109038908,-0.5904949280793784,0.4313502389523841,-0.4743258521037861,0.6946574415642337,0,1,0
337,1,-0.3735012910980943,-0.35903256479348117,-0.4751990812099552,0.7658967435440545,-0.12274485029315124,0,1,0
295,1,0.8252086287077022,-0.7448031702699767,-0.4751990812099552,-0.4743258521037861,-0.500658518765974,1,0,0
251,1,0.8252086287077022,-2.2300200013544846,1.3378995591147234,0.7658967435440545,-0.25847591017036636,0,0,0
461,0,0.8252086287077022,-0.8991114124605749,-0.4751990812099552,0.7658967435440545,-0.3551971503258359,0,0,0
455,0,0.8252086287077022,-0.28187844369818205,0.4313502389523841,2.006119339191895,-0.2319667082568536,1,1,0
677,0,0.8252086287077022,-1.747806744508865,3.1509981994394023,0.7658967435440545,-0.05982903349378355,1,0,1
269,1,0.8252086287077022,0.00352372718875205,-0.4751990812099552,-0.4743258521037861,-0.4905094425264344,0,0,1
201,1,-1.5722112109038908,0.026738040683014372,-0.4751990812099552,-0.4743258521037861,1.236236792573191,0,1,0
161,1,-0.3735012910980943,-0.8991114124605749,-0.4751990812099552,2.006119339191895,-0.38447464817852084,0,1,0
555,0,0.8252086287077022,0.00352372718875205,-0.4751990812099552,-0.4743258521037861,-0.500658518765974,1,0,0
401,0,0.8252086287077022,-0.12757020150758383,1.3378995591147234,-0.4743258521037861,-0.48664993466069395,1,1,0
476,0,0.8252086287077022,-0.7448031702699767,-0.4751990812099552,-0.4743258521037861,-0.48664993466069395,1,1,0
105,1,-1.5722112109038908,0.00352372718875205,-0.4751990812099552,-0.4743258521037861,-0.032146074102061765,1,1,0
565,0,0.8252086287077022,-0.4361866858887803,-0.4751990812099552,-0.4743258521037861,-0.4841333019887193,1,1,0
389,0,0.8252086287077022,-0.976265533555874,-0.4751990812099552,-0.4743258521037861,-0.4718018018960432,1,1,0
1,1,0.8252086287077022,-0.28187844369818205,-0.4751990812099552,-0.4743258521037861,-0.48664993466069395,0,1,0
634,0,0.8252086287077022,-0.5904949280793784,-0.4751990812099552,-0.4743258521037861,-0.4579603222001823,1,1,0
561,0,0.8252086287077022,1.1840498571125009,-0.4751990812099552,0.7658967435440545,-0.3551971503258359,0,0,0
80,1,0.8252086287077022,-1.9021149866994633,3.1509981994394023,2.006119339191895,-0.014277982131041355,0,1,0
205,1,0.8252086287077022,0.00352372718875205,-0.4751990812099552,2.006119339191895,-0.19606341990539358,0,0,0
34,1,0.8252086287077022,0.00352372718875205,-0.4751990812099552,-0.4743258521037861,-0.4894182305998661,0,0,1
508,0,0.8252086287077022,0.06531510123066392,-0.4751990812099552,-0.4743258521037861,-0.49017322040145855,0,0,1
427,0,0.8252086287077022,0.10389216177831348,-0.4751990812099552,-0.4743258521037861,-0.48966989386706367,1,1,0
454,0,-0.3735012910980943,0.18104628287361257,-0.4751990812099552,-0.4743258521037861,-0.434807301618015,1,1,0
366,0,0.8252086287077022,-0.5904949280793784,-0.4751990812099552,-0.4743258521037861,-0.48723782005286725,1,1,0
91,1,0.8252086287077022,-0.35903256479348117,0.4313502389523841,-0.4743258521037861,-0.48966989386706367,1,1,0
339,1,-1.5722112109038908,-0.28187844369818205,-0.4751990812099552,-0.4743258521037861,-0.0422126047899606,1,0,0
564,0,0.8252086287077022,-0.12757020150758383,-0.4751990812099552,-0.4743258521037861,-0.4880753554061005,1,1,0
345,0,0.8252086287077022,0.026738040683014372,-0.4751990812099552,-0.4743258521037861,-0.500658518765974,1,0,0
241,1,-0.3735012910980943,-0.4361866858887803,0.4313502389523841,2.006119339191895,0.6624445433629575,0,1,0
13,1,0.8252086287077022,0.6439710094454072,0.4313502389523841,5.726787126135417,-0.014277982131041355,0,1,0
315,1,-0.3735012910980943,-2.21073147108066,-0.4751990812099552,2.006119339191895,0.09880338369840133,1,0,0
600,0,-1.5722112109038908,0.489662767254809,0.4313502389523841,-0.4743258521037861,0.941287443417755,1,1,0
387,0,0.8252086287077022,-1.5163443812229678,2.244448879277063,2.006119339191895,-0.08449203367913571,1,1,0
273,1,-1.5722112109038908,0.9525874938266037,-0.4751990812099552,-0.4743258521037861,-0.1169565951476094,1,1,0
166,1,0.8252086287077022,0.00352372718875205,0.4313502389523841,-0.4743258521037861,-0.3220621579135481,0,1,0
674,0,0.8252086287077022,0.8754333727313045,-0.4751990812099552,5.726787126135417,0.15282642728807924,0,1,0
484,0,-1.5722112109038908,0.2582004039689117,-0.4751990812099552,-0.4743258521037861,-0.5455391391849022,1,1,0
664,0,0.8252086287077022,0.9525874938266037,-0.4751990812099552,0.7658967435440545,-0.4770021716494118,1,1,0
504,0,0.8252086287077022,-0.050416080412284736,0.4313502389523841,-0.4743258521037861,-0.5043509222222953,1,1,0
243,1,-1.5722112109038908,0.9525874938266037,0.4313502389523841,-0.4743258521037861,0.41187248809205507,1,1,0
566,0,0.8252086287077022,-2.21073147108066,3.1509981994394023,0.7658967435440545,0.15282642728807924,1,1,0
562,0,0.8252086287077022,0.00352372718875205,1.3378995591147234,-0.4743258521037861,-0.20973578188569775,1,0,0
189,1,-1.5722112109038908,0.4125086461595099,0.4313502389523841,-0.4743258521037861,1.1657710777578991,0,1,0
475,0,0.8252086287077022,-0.8991114124605749,0.4313502389523841,0.7658967435440545,-0.23926494300558024,1,1,0
510,0,0.8252086287077022,-0.5904949280793784,-0.4751990812099552,-0.4743258521037861,-0.48723782005286725,1,1,0
58,1,-0.3735012910980943,-2.21073147108066,1.3378995591147234,0.7658967435440545,0.13898494759221836,1,1,0
474,0,0.8252086287077022,-0.7448031702699767,0.4313502389523841,-0.4743258521037861,-0.4483971180466784,0,1,0
560,0,0.8252086287077022,-0.12757020150758383,0.4313502389523841,-0.4743258521037861,-0.32709542325749746,1,1,0
252,1,-1.5722112109038908,1.4155122203983983,0.4313502389523841,-0.4743258521037861,0.8985892468519636,1,0,0
21,1,0.8252086287077022,0.00352372718875205,-0.4751990812099552,-0.4743258521037861,-0.49017322040145855,0,0,1
313,1,0.8252086287077022,-0.20472432260288295,-0.4751990812099552,-0.4743258521037861,-0.4718018018960432,1,1,0
459,0,0.8252086287077022,0.00352372718875205,-0.4751990812099552,-0.4743258521037861,-0.49042488366865605,1,0,1
160,1,-0.3735012910980943,0.3353545250642108,0.4313502389523841,0.7658967435440545,0.008120048649533558,0,1,0
276,1,-1.5722112109038908,-0.4361866858887803,-0.4751990812099552,-0.4743258521037861,0.3504666508958721,0,0,0
191,1,-1.5722112109038908,1.878436946970193,0.4313502389523841,-0.4743258521037861,0.9295438287172524,0,0,0
385,0,0.8252086287077022,0.18104628287361257,-0.4751990812099552,-0.4743258521037861,-0.48664993466069395,1,1,0
413,0,0.8252086287077022,0.00352372718875205,2.244448879277063,0.7658967435440545,-0.13348181192486414,1,1,0
491,0,0.8252086287077022,0.836856312183655,-0.4751990812099552,-0.4743258521037861,-0.49017322040145855,1,0,1
343,0,0.8252086287077022,1.1840498571125009,0.4313502389523841,4.486564530487576,-0.08449203367913571,0,1,0
308,1,-1.5722112109038908,-1.4391902601276687,0.4313502389523841,2.006119339191895,1.769762919031829,1,1,0
661,0,0.8252086287077022,0.4125086461595099,-0.4751990812099552,-0.4743258521037861,-0.5042663633645169,1,1,0
130,1,-0.3735012910980943,-2.1335773499853605,0.4313502389523841,0.7658967435440545,-0.12274485029315124,1,1,0
663,0,-0.3735012910980943,0.6439710094454072,-0.4751990812099552,-0.4743258521037861,-0.38447464817852084,0,1,0
99,1,0.8252086287077022,-0.8219572913652758,-0.4751990812099552,-0.4743258521037861,-0.4841333019887193,1,1,0
372,0,0.8252086287077022,0.00352372718875205,-0.4751990812099552,-0.4743258521037861,-0.500658518765974,1,0,0
87,1,-1.5722112109038908,0.026738040683014372,-0.4751990812099552,-0.4743258521037861,1.0953053629426073,0,1,0
458,0,-0.3735012910980943,-0.8219572913652758,0.4313502389523841,0.7658967435440545,0.09368555949667362,1,1,0
330,1,-0.3735012910980943,0.9525874938266037,-0.4751990812099552,-0.4743258521037861,-0.38447464817852084,0,1,0
214,1,-1.5722112109038908,-0.976265533555874,-0.4751990812099552,2.006119339191895,1.5862158383870948,1,0,0
466,0,-0.3735012910980943,0.7211251305407064,-0.4751990812099552,-0.4743258521037861,-0.38447464817852084,1,1,0
121,1,-0.3735012910980943,-0.5904949280793784,0.4313502389523841,0.7658967435440545,-0.06234566616575826,0,1,0
614,0,-1.5722112109038908,0.00352372718875205,-0.4751990812099552,-0.4743258521037861,3.9345703434644728,1,0,0
20,1,0.8252086287077022,-0.8219572913652758,-0.4751990812099552,-0.4743258521037861,-0.4875720288717055,0,0,1
71,1,-1.5722112109038908,0.7982792516360054,-0.4751990812099552,-0.4743258521037861,-0.022079543414162937,1,0,0
106,1,-1.5722112109038908,1.5698204625889964,-0.4751990812099552,0.7658967435440545,4.337147012122648,0,0,0
270,1,-1.5722112109038908,-0.8991114124605749,0.4313502389523841,-0.4743258521037861,3.9345703434644728,0,0,0
435,0,0.8252086287077022,-1.670652623413566,2.244448879277063,0.7658967435440545,-0.22190017756895475,0,1,0
102,1,0.8252086287077022,-0.5904949280793784,-0.4751990812099552,-0.4743258521037861,-0.49017322040145855,0,0,1
